{
	"class_name" : "PinholeCameraParameters",
	"extrinsic" : 
	[
		1.0,
		-0.0,
		-0.0,
		0.0,
		0.0,
		-1.0,
		-0.0,
		0.0,
		0.0,
		-0.0,
		-1.0,
		0.0,
		288571.0,
		-522554.97851566039,
		1342386173.1835032,
		1.0
	],
	"intrinsic" : 
	{
		"height" : 1027,
		"intrinsic_matrix" : 
		[
			889.40808968661872,
			0.0,
			0.0,
			0.0,
			889.40808968661872,
			0.0,
			959.5,
			513.0,
			1.0
		],
		"width" : 1920
	},
	"version_major" : 1,
	"version_minor" : 0
}